true_label,predicted_probability,predicted_label
1,0.9933734,1
1,0.99848074,1
1,0.9817045,1
1,0.9989379,1
1,0.99935406,1
1,0.9982103,1
1,0.9985764,1
1,0.9995084,1
1,0.9974923,1
1,0.98922145,1
1,0.998706,1
1,0.9294359,1
1,0.019962354,0
1,0.9994011,1
1,0.99870896,1
1,0.9976089,1
1,0.99701995,1
1,0.99995923,1
1,0.9999944,1
1,0.9995079,1
1,0.028818978,0
1,0.9903301,1
1,0.9985561,1
1,0.9985066,1
1,0.99936134,1
1,0.9972996,1
1,0.996042,1
1,0.9998097,1
1,0.99952817,1
1,0.9925748,1
1,0.99185926,1
1,0.9835203,1
1,0.99718577,1
1,0.99795425,1
1,0.9939574,1
1,0.9998087,1
1,0.9984522,1
1,0.9961628,1
1,0.99594814,1
1,0.9899565,1
1,0.99644804,1
1,0.99825543,1
1,0.73815614,1
1,0.99815434,1
1,0.99941623,1
1,0.99942315,1
1,0.98587936,1
1,0.98690504,1
1,0.08946783,0
1,0.9966151,1
1,0.99915504,1
1,0.998293,1
1,0.8013349,1
1,0.9759898,1
1,0.9995104,1
1,0.9993813,1
1,0.99892455,1
1,0.99643964,1
1,0.9977507,1
1,0.99794215,1
1,0.9922644,1
1,0.9927619,1
1,0.036426775,0
1,0.99949765,1
1,0.99188787,1
1,0.9878313,1
1,0.9677953,1
1,0.9086629,1
1,0.9978257,1
1,0.99994147,1
1,0.9988607,1
1,0.9981502,1
1,0.0039015603,0
1,0.9992865,1
1,0.9985936,1
1,0.99983203,1
1,0.9986551,1
1,0.999481,1
1,0.9958769,1
1,0.9987746,1
1,0.8095533,1
1,0.99864274,1
1,0.99685055,1
1,0.99696285,1
1,0.9999943,1
1,0.9625501,1
1,0.021285882,0
1,0.99851984,1
1,0.9840439,1
1,0.99978083,1
1,0.9983388,1
1,0.9880463,1
1,0.9978582,1
1,0.9990839,1
1,0.9795457,1
1,0.95939165,1
1,0.99862206,1
1,0.9955303,1
1,0.99496895,1
1,0.9967354,1
1,0.9956866,1
1,0.99902713,1
1,0.99921787,1
1,0.9885095,1
1,0.99884605,1
1,0.99967265,1
1,0.0053619505,0
1,0.46504518,0
1,0.9965898,1
1,0.99935514,1
1,0.99866784,1
1,0.99954575,1
1,0.994926,1
1,0.9966646,1
1,0.98986405,1
1,0.999546,1
1,0.99938464,1
1,0.98980707,1
1,0.9996418,1
1,0.99950683,1
1,0.1497793,0
1,0.9968541,1
1,0.9997719,1
1,0.9959513,1
1,0.9999217,1
1,0.00095579296,0
1,0.9981438,1
1,0.9988426,1
1,0.05100281,0
1,0.99900633,1
1,0.99084747,1
1,0.9989525,1
1,0.9981041,1
1,0.99941623,1
1,0.99824095,1
1,0.9994537,1
1,0.9965803,1
1,0.5265026,1
1,0.9981446,1
1,0.99795437,1
1,0.99891174,1
1,0.9983021,1
1,0.99360704,1
1,0.9989791,1
1,0.9982317,1
1,0.99965894,1
1,0.99944204,1
1,0.9771673,1
1,0.99992347,1
1,0.99847466,1
1,0.9977875,1
1,0.9991792,1
1,0.9993894,1
1,0.9999987,1
1,0.98701805,1
1,0.9979233,1
1,0.18434833,0
1,0.9989579,1
1,0.9981218,1
1,0.99674064,1
1,0.9082879,1
1,0.9979165,1
1,0.9973138,1
1,0.99636865,1
1,0.9977629,1
1,0.998808,1
1,0.9994753,1
1,0.99785453,1
1,0.9972326,1
1,0.9991579,1
1,0.9970387,1
1,0.9957325,1
1,0.9996511,1
1,0.99267066,1
1,0.99878997,1
1,0.9995228,1
1,0.0071140253,0
1,0.99970967,1
1,0.9998938,1
1,0.99416983,1
1,0.99716645,1
1,0.9984055,1
1,0.9946089,1
1,0.9996352,1
1,0.99832755,1
1,0.9980082,1
1,0.99491704,1
1,0.9805366,1
1,0.9925924,1
1,0.99665207,1
1,0.99718314,1
1,0.99933904,1
1,0.99791294,1
1,0.9985642,1
1,0.99921453,1
1,0.9990308,1
1,0.99852943,1
1,0.9985582,1
1,0.99999106,1
1,0.9999186,1
1,0.9446214,1
1,0.9990439,1
1,0.99304694,1
1,0.97390634,1
1,0.9974222,1
1,0.9992378,1
1,0.99757415,1
1,0.99735475,1
1,0.9978574,1
1,0.9965173,1
1,0.99947053,1
1,0.99042964,1
1,0.99362034,1
1,0.9990522,1
1,0.99908245,1
1,0.9980989,1
1,0.99815744,1
1,0.9992399,1
1,0.9999113,1
1,0.9974402,1
1,0.9998561,1
1,0.9998597,1
1,0.997413,1
1,0.9972869,1
1,0.99738663,1
1,0.9988502,1
1,0.99595815,1
1,0.99700636,1
1,0.96691394,1
1,0.99645007,1
1,0.9945398,1
1,0.9974946,1
1,0.99698657,1
1,0.9995522,1
1,0.97037417,1
1,0.9991228,1
1,0.705441,1
1,0.9984718,1
1,0.9969703,1
1,0.94761366,1
1,0.5872728,1
1,0.9999101,1
1,0.99951696,1
1,0.99776506,1
1,0.9993832,1
1,0.9005328,1
1,0.9948139,1
1,0.9887899,1
1,0.9988005,1
1,0.12662815,0
1,0.99975663,1
1,0.9997197,1
1,0.93009573,1
1,0.9986117,1
1,0.9975648,1
1,0.99974686,1
1,0.9892342,1
1,0.9939038,1
1,0.9986248,1
1,0.99350935,1
1,0.9875544,1
1,0.9956162,1
1,0.9963205,1
1,0.9963284,1
1,0.9980236,1
1,0.00014774925,0
1,0.99529296,1
1,0.9748341,1
1,0.99815947,1
1,0.9987612,1
1,0.22063719,0
1,0.23398638,0
1,0.99473673,1
1,0.9987349,1
1,0.99886703,1
1,0.9996164,1
1,0.99485505,1
1,0.9993647,1
1,0.99798065,1
1,0.9986646,1
1,0.9443378,1
1,0.9922631,1
1,0.9985421,1
1,0.91413176,1
1,0.991932,1
1,0.93321896,1
1,0.99884486,1
1,0.99863595,1
1,0.9932006,1
1,0.99256516,1
1,0.99824226,1
1,0.9983392,1
1,0.99727625,1
1,0.8973048,1
1,0.9978104,1
1,0.9987716,1
1,0.99614775,1
1,0.9998153,1
1,0.98832315,1
1,0.9956742,1
1,0.9903419,1
1,0.9989556,1
1,0.9918608,1
1,0.99643314,1
1,0.44143385,0
1,0.76631457,1
1,0.9963403,1
1,0.99537176,1
1,0.9997979,1
1,0.37904182,0
1,0.9626661,1
1,0.99855214,1
1,0.9575634,1
1,0.99947065,1
1,0.0047147474,0
1,0.9994043,1
1,0.992183,1
1,0.9952088,1
1,0.9991435,1
1,0.99905115,1
1,0.9992698,1
1,0.9993511,1
1,0.9982632,1
1,0.20557342,0
1,0.99850994,1
1,0.9960665,1
1,0.9983877,1
1,0.9854777,1
1,0.9856849,1
1,0.99962914,1
1,0.9988788,1
1,0.9948755,1
1,0.9278474,1
1,0.9956252,1
1,0.03980479,0
1,0.9973667,1
1,0.81526643,1
1,0.9770148,1
1,0.99809736,1
1,0.99875045,1
1,0.99993014,1
1,0.5963388,1
1,0.9949886,1
1,0.99804235,1
1,0.99814546,1
1,0.99815,1
1,0.9992329,1
1,0.998629,1
1,0.9952062,1
1,0.99935585,1
1,0.74415356,1
1,0.9943433,1
1,0.999373,1
1,0.9979662,1
1,0.99792755,1
1,0.99868816,1
1,0.9764914,1
1,0.9965617,1
1,0.9577015,1
1,0.999385,1
1,0.998752,1
1,0.9949008,1
1,0.9993544,1
1,0.99936587,1
1,0.9987143,1
1,0.9721585,1
1,0.99945,1
1,0.9975666,1
1,0.99885774,1
1,0.9999939,1
1,0.9971576,1
1,0.9991155,1
1,0.97382146,1
1,0.9994048,1
1,0.9976803,1
1,0.85901624,1
1,0.9997882,1
1,0.9929489,1
1,0.9783805,1
1,0.9974559,1
1,0.9991229,1
1,0.81473583,1
1,0.99683714,1
1,0.9986217,1
1,0.9987207,1
1,0.99602807,1
1,0.99936,1
1,0.9988207,1
1,0.9727227,1
1,0.9987458,1
1,0.4227822,0
1,0.99899775,1
1,0.9993461,1
1,0.0036156473,0
1,0.99314415,1
1,0.9674316,1
1,0.9999666,1
1,0.99764663,1
1,0.99835217,1
1,0.9995227,1
1,0.013077755,0
1,0.99884737,1
1,0.9979977,1
1,0.9992822,1
1,0.69723934,1
1,0.9980946,1
1,0.99878603,1
1,0.9967661,1
1,0.9978696,1
1,0.44820848,0
1,0.99978715,1
1,0.9984382,1
1,0.84613675,1
1,0.99876094,1
1,0.9977717,1
1,0.9980855,1
1,0.99832314,1
1,0.99624074,1
1,0.9990571,1
1,0.9953976,1
1,0.6608547,1
1,0.9994599,1
1,0.99195635,1
1,0.9548988,1
1,0.98468834,1
1,0.999363,1
1,0.99297273,1
1,0.997177,1
1,0.99930036,1
1,0.9983278,1
1,0.049713414,0
1,0.9986111,1
1,0.99891305,1
1,0.9985898,1
1,0.94236416,1
1,0.99988735,1
1,0.9988342,1
1,0.66897684,1
1,0.978674,1
1,0.9914948,1
1,0.8832571,1
1,0.9972047,1
1,0.99634236,1
1,0.9936358,1
1,0.9969054,1
1,0.99909985,1
1,0.9991435,1
1,0.9295215,1
1,0.9980071,1
1,0.99917597,1
1,0.99815816,1
1,0.9999373,1
1,0.99814975,1
1,0.9953753,1
1,0.9996138,1
1,0.8488822,1
1,0.99270916,1
1,0.99829525,1
1,0.072458446,0
1,0.9996431,1
1,0.9989015,1
1,0.99960405,1
1,0.99621093,1
1,0.99949205,1
1,0.9978454,1
1,0.99669445,1
1,0.99992335,1
1,0.9997303,1
1,0.9857152,1
1,0.9977303,1
1,0.9982216,1
1,0.9802782,1
1,0.9937203,1
1,0.9964625,1
1,0.979765,1
1,0.99521613,1
1,0.97728914,1
1,0.9975672,1
1,0.99932826,1
1,0.9987073,1
1,0.9989347,1
1,0.93515146,1
1,0.9839767,1
1,0.99610776,1
1,0.99708885,1
1,0.9979189,1
1,0.9994198,1
1,0.99907315,1
1,0.9266188,1
1,0.9983236,1
1,0.9932079,1
1,0.99881834,1
1,0.9979672,1
1,0.99949133,1
1,0.9995722,1
1,0.99647504,1
1,0.9955383,1
1,0.8343262,1
1,0.9776174,1
1,0.99792093,1
1,0.9990682,1
1,0.99841547,1
1,0.9996278,1
1,0.99837494,1
1,0.9998361,1
1,0.9996024,1
1,0.9710641,1
1,0.9979353,1
1,0.9980823,1
1,0.99872965,1
1,0.9998801,1
1,0.99963117,1
1,0.99998534,1
1,0.9991456,1
1,0.9931672,1
1,0.9963148,1
1,0.9995927,1
1,0.9962165,1
1,0.99899954,1
1,0.9941399,1
1,0.99929214,1
1,0.99981946,1
1,0.9991732,1
1,0.996597,1
1,0.95916635,1
1,0.99861217,1
1,0.9969945,1
1,0.9992506,1
1,0.9976744,1
1,0.9992167,1
1,0.9988329,1
1,0.98648816,1
1,0.99981886,1
1,0.9941255,1
1,0.99077237,1
1,0.9987239,1
1,0.9987213,1
1,0.9949824,1
1,0.99679863,1
1,0.9934663,1
1,0.99825174,1
1,0.99830663,1
1,0.9986173,1
1,0.9977024,1
1,0.99939847,1
1,0.99521905,1
1,0.9962895,1
1,0.9998004,1
1,0.99870944,1
1,0.99801207,1
1,0.9970878,1
1,0.99869233,1
1,0.99537945,1
1,0.996567,1
1,0.94844174,1
1,0.99814093,1
1,0.09749453,0
1,0.99794465,1
1,0.9970137,1
1,0.9992532,1
1,0.98689705,1
1,0.9985312,1
1,0.99821967,1
1,0.99962354,1
1,0.9957639,1
1,0.9963445,1
1,0.9963154,1
1,0.06518032,0
1,0.99978083,1
1,0.99504083,1
1,0.9961844,1
1,0.9991604,1
1,0.9993893,1
1,0.9998412,1
1,0.9966125,1
1,0.9943963,1
1,0.9988619,1
1,0.9981502,1
1,0.999949,1
1,0.99960095,1
1,0.98659223,1
1,0.99105,1
1,0.91870356,1
1,0.99568594,1
1,0.9600291,1
1,0.94835204,1
1,0.9987589,1
1,0.03858361,0
1,0.9997881,1
1,0.9994093,1
1,0.14257553,0
1,0.88643235,1
1,0.9966382,1
1,0.9826279,1
1,0.9911589,1
1,0.9996051,1
1,0.9974963,1
1,0.9997205,1
1,0.9989172,1
1,0.99994314,1
1,0.9968844,1
1,0.999419,1
1,0.9991098,1
1,0.9905033,1
1,0.9807818,1
1,0.9989704,1
1,0.9809281,1
1,0.99912363,1
1,0.9952642,1
1,0.0014961923,0
1,0.99507785,1
1,0.9982799,1
1,0.99948907,1
1,0.9978381,1
1,0.99876404,1
1,0.99852186,1
1,0.9954977,1
1,0.9992286,1
1,0.9981811,1
1,0.99160343,1
1,0.9931958,1
1,0.99679047,1
1,0.99937505,1
1,0.9955988,1
1,0.9952166,1
1,0.99923337,1
1,0.99957913,1
1,0.99702054,1
1,0.996445,1
1,0.85242146,1
1,0.997701,1
1,0.99961615,1
1,0.999984,1
1,0.9993093,1
1,0.9840352,1
1,0.99886346,1
1,0.99784386,1
1,0.5110068,1
1,0.9955195,1
1,1.0,1
1,0.99496776,1
1,0.99811375,1
1,0.99697447,1
1,0.99983,1
1,0.99814236,1
1,0.99468297,1
1,0.9993019,1
1,0.9992944,1
1,0.99937373,1
1,0.99843985,1
1,0.988085,1
1,0.033205055,0
1,0.99534166,1
1,0.9957616,1
1,0.99592614,1
1,0.99663466,1
1,0.84885824,1
1,0.9998518,1
1,0.9954348,1
1,0.9996388,1
1,0.98352456,1
1,0.99324834,1
1,0.9912572,1
1,0.9975291,1
1,0.99919814,1
1,0.9979296,1
1,0.99919885,1
1,0.9935749,1
1,0.9987803,1
1,0.99837226,1
1,0.99860626,1
1,0.99814105,1
1,0.99407214,1
1,0.99875915,1
1,0.99949396,1
1,0.9937782,1
1,0.9913748,1
1,0.97878337,1
1,0.99708,1
1,0.9986558,1
1,0.9994215,1
1,0.9500541,1
1,0.9975107,1
1,0.9938443,1
1,0.99624145,1
1,0.9980046,1
1,0.99929297,1
1,0.99349517,1
1,0.99880254,1
1,0.9977241,1
1,0.9758882,1
1,0.9965712,1
1,0.99734133,1
1,0.99777204,1
1,0.9995498,1
1,0.99761605,1
1,0.998439,1
1,0.9688474,1
1,0.9992699,1
1,0.9959014,1
1,0.9996662,1
1,0.9918173,1
1,0.9994937,1
1,0.9997466,1
1,0.99971706,1
1,0.997498,1
1,0.9973289,1
1,0.99788827,1
1,0.99951255,1
1,0.9947179,1
1,0.99876803,1
1,0.9883647,1
1,0.40392298,0
1,0.45935264,0
1,0.99333775,1
1,0.9988475,1
1,0.9957171,1
1,0.6428056,1
1,0.9964097,1
1,0.99712026,1
1,0.88913876,1
1,0.9984668,1
1,0.9960634,1
1,0.99976975,1
1,0.99926573,1
1,0.9997452,1
1,0.99851626,1
1,0.9982103,1
1,0.99809784,1
1,0.8816095,1
1,0.99725026,1
1,0.80332106,1
1,0.99601364,1
1,0.99366933,1
1,0.9984086,1
1,0.99993575,1
1,0.99676347,1
1,0.9975563,1
1,0.993651,1
1,0.9989453,1
1,0.9982262,1
1,0.99742585,1
1,0.9994498,1
1,0.1354379,0
1,0.9549842,1
1,0.7273665,1
1,0.9995524,1
1,0.9695153,1
1,0.008023113,0
1,0.99731535,1
1,0.53492856,1
1,0.9970335,1
1,0.9976362,1
1,0.9988864,1
1,0.9961055,1
1,0.993566,1
1,0.9988651,1
1,0.99892277,1
1,0.9995322,1
1,0.9948495,1
1,0.99838066,1
1,0.09714393,0
1,0.9995105,1
1,0.99450386,1
1,0.99932134,1
1,0.9962025,1
1,0.9997563,1
1,0.74586034,1
1,0.99899024,1
1,0.0070181857,0
1,0.9974832,1
1,0.9988036,1
1,0.05217309,0
1,0.9983972,1
1,0.99780554,1
1,0.9999565,1
1,0.99963593,1
1,0.036448672,0
1,0.99710554,1
1,0.99890363,1
1,0.98464036,1
1,0.9994887,1
1,0.9811198,1
1,0.9957962,1
1,0.97589827,1
1,0.9966325,1
1,0.99827516,1
1,0.0363798,0
1,0.9959376,1
1,0.33407274,0
1,0.9987864,1
1,0.99936086,1
1,0.9998698,1
1,0.9997726,1
1,0.9998547,1
1,0.9974843,1
1,0.9993253,1
1,0.9946477,1
1,0.9943954,1
1,0.9205653,1
1,0.9997404,1
1,0.9999937,1
1,0.99994457,1
1,0.99863017,1
1,0.999433,1
1,0.9987445,1
1,0.9996352,1
1,0.9927469,1
1,0.9997389,1
1,0.2883284,0
1,0.9977324,1
1,0.000931321,0
1,0.998992,1
1,0.9998147,1
1,0.9927987,1
1,0.9990219,1
1,0.9934649,1
1,0.9988456,1
1,0.9959144,1
1,0.99027187,1
1,0.9956345,1
1,0.38290572,0
1,0.9969472,1
1,0.99554574,1
1,0.9974625,1
1,0.99870145,1
1,0.9979146,1
1,0.98658633,1
1,0.99516535,1
1,0.9934341,1
1,0.99934655,1
1,0.99819237,1
1,0.99190885,1
1,0.9978999,1
1,0.99955565,1
1,0.9949934,1
1,0.99776614,1
1,0.99739146,1
1,0.9969901,1
1,0.9989261,1
1,0.9995815,1
1,0.99485683,1
1,0.9813958,1
1,0.9604198,1
1,0.99895847,1
1,0.99947375,1
1,0.75668263,1
1,0.9961094,1
1,0.9960083,1
1,0.99970335,1
1,0.997707,1
1,0.9944582,1
1,0.42710608,0
1,0.9927193,1
1,0.996487,1
1,0.9996556,1
1,0.9981603,1
1,0.9997063,1
1,0.9945991,1
1,0.9235482,1
1,0.37923685,0
1,0.77501714,1
0,0.0012457572,0
0,0.012667151,0
0,7.167644e-05,0
0,0.4371338,0
0,0.005920766,0
0,1.4630133e-06,0
0,0.00027421297,0
0,0.00086268096,0
0,0.99658763,1
0,0.0009165866,0
0,0.0047570416,0
0,0.0052186945,0
0,0.007050994,0
0,0.827709,1
0,0.00032969352,0
0,0.008670668,0
0,0.2884315,0
0,0.007883271,0
0,0.001396697,0
0,0.006113344,0
0,6.6224704e-05,0
0,0.0009268108,0
0,0.0014895557,0
0,0.00013760857,0
0,4.8516344e-05,0
0,0.97231954,1
0,3.940304e-05,0
0,0.4101529,0
0,0.0017393891,0
0,0.0001074108,0
0,0.0004418658,0
0,0.0010394076,0
0,0.0011374203,0
0,0.0007558971,0
0,0.0065765837,0
0,2.99577e-05,0
0,2.971104e-06,0
0,0.0006296848,0
0,0.9705731,1
0,0.00025711354,0
0,0.00016572117,0
0,0.0010110447,0
0,0.0007789091,0
0,0.59639984,1
0,7.161366e-05,0
0,7.255194e-07,0
0,0.00033159208,0
0,0.00082798523,0
0,9.8861005e-05,0
0,2.41107e-05,0
0,2.4131566e-07,0
0,0.000644464,0
0,0.16088948,0
0,0.4025639,0
0,0.42778194,0
0,0.9719462,1
0,1.6842463e-08,0
0,3.466472e-05,0
0,0.00011691356,0
0,0.0014616305,0
0,0.088086165,0
0,2.432114e-06,0
0,0.00094806653,0
0,0.00045769077,0
0,0.00024601226,0
0,2.488095e-05,0
0,2.3017105e-07,0
0,0.0035245824,0
0,0.0009406332,0
0,7.45678e-06,0
0,6.7675835e-05,0
0,6.100653e-06,0
0,0.35393584,0
0,0.00044237424,0
0,6.2236523e-09,0
0,0.0035419867,0
0,0.99503833,1
0,0.003862947,0
0,6.7170025e-05,0
0,0.0018930779,0
0,5.73679e-05,0
0,0.004514404,0
0,0.0012719962,0
0,0.00867143,0
0,0.74378407,1
0,0.0013263702,0
0,0.0014338585,0
0,0.00010467166,0
0,0.00026616987,0
0,0.00023443806,0
0,0.0012400764,0
0,0.99964106,1
0,0.0019570142,0
0,0.0006033271,0
0,8.638474e-05,0
0,0.0007979581,0
0,0.00060108956,0
0,0.0018709475,0
0,0.000108579196,0
0,8.158991e-06,0
0,0.0014974731,0
0,0.0029976463,0
0,0.000731173,0
0,0.00095443014,0
0,0.0016725853,0
0,0.0034428746,0
0,0.0025761605,0
0,0.00079991476,0
0,0.0001928081,0
0,2.3254726e-08,0
0,1.3318167e-07,0
0,0.24697109,0
0,0.0021502052,0
0,0.0034235043,0
0,0.0025646873,0
0,0.0014779049,0
0,0.00040555486,0
0,0.0035582664,0
0,0.93369293,1
0,7.687542e-05,0
0,0.00353094,0
0,0.00062962505,0
0,6.586835e-05,0
0,3.6377864e-05,0
0,0.0019612247,0
0,2.8969314e-05,0
0,0.0047101066,0
0,0.64120567,1
0,0.0012133903,0
0,0.0063414094,0
0,0.0013563391,0
0,0.00042372014,0
0,0.019879896,0
0,2.1981064e-06,0
0,4.628978e-06,0
0,0.002442821,0
0,0.0006761424,0
0,0.019954763,0
0,0.00037943703,0
0,0.009914129,0
0,3.4512354e-07,0
0,0.00734291,0
0,0.016410675,0
0,0.0005229633,0
0,0.0005182679,0
0,0.00595939,0
0,1.928286e-05,0
0,0.047227833,0
0,0.00043799318,0
0,9.711653e-06,0
0,0.0005318753,0
0,0.42554352,0
0,0.0003867193,0
0,0.0018057182,0
0,0.000512723,0
0,0.00289263,0
0,1.140564e-08,0
0,6.1142296e-06,0
0,0.006368852,0
0,0.00090712216,0
0,1.5774242e-05,0
0,0.007891309,0
0,1.3992671e-05,0
0,0.013708283,0
0,0.012822482,0
0,0.00016558675,0
0,0.0006439523,0
0,2.1456879e-07,0
0,0.0005879864,0
0,2.3415792e-09,0
0,0.045783207,0
0,0.00081983674,0
0,0.002824894,0
0,9.703515e-05,0
0,0.0022509464,0
0,0.97092414,1
0,0.0023231115,0
0,0.9563484,1
0,0.00033478535,0
0,9.877031e-07,0
0,0.0024070607,0
0,0.0014876348,0
0,1.1127331e-07,0
0,2.8284418e-05,0
0,0.002075492,0
0,0.0005635883,0
0,1.2534788e-05,0
0,0.0072483723,0
0,6.054709e-05,0
0,0.000382945,0
0,1.2347768e-05,0
0,0.0014547048,0
0,0.003890614,0
0,0.0011369713,0
0,0.00039798577,0
0,3.2919954e-05,0
0,0.0031535039,0
0,7.037128e-07,0
0,0.07111724,0
0,1.0456486e-06,0
0,0.000106302185,0
0,8.651812e-05,0
0,0.004621985,0
0,0.00140469,0
0,0.0012661337,0
0,0.020802407,0
0,0.022049824,0
0,0.004450232,0
0,0.0010043675,0
0,0.00048697038,0
0,1.9723782e-06,0
0,0.000976769,0
0,0.016558124,0
0,6.2545416e-07,0
0,3.068121e-05,0
0,3.086839e-07,0
0,0.013257679,0
0,3.6603292e-06,0
0,0.0017573852,0
0,0.00020150386,0
0,0.008098057,0
0,0.0009885629,0
0,0.00010086769,0
0,0.00021696296,0
0,2.0129004e-05,0
0,0.06569366,0
0,0.0048180907,0
0,0.00021383064,0
0,8.582582e-05,0
0,0.0010481867,0
0,0.00026915767,0
0,0.0013291998,0
0,0.0058838343,0
0,0.8801722,1
0,1.9772331e-05,0
0,0.00010309593,0
0,0.00031212234,0
0,1.4706239e-05,0
0,0.999015,1
0,0.002917414,0
0,0.000581994,0
0,0.03568873,0
0,5.356662e-06,0
0,0.002729605,0
0,0.30475196,0
0,0.0035598017,0
0,0.0018001691,0
0,9.259332e-05,0
0,0.0051726364,0
0,3.7751477e-07,0
0,5.2200474e-05,0
0,0.0021712738,0
0,6.828239e-07,0
0,0.00062476884,0
0,2.8134895e-05,0
0,5.9174956e-05,0
0,1.1274564e-05,0
0,0.0050758477,0
0,4.6531564e-08,0
0,0.88909596,1
0,0.0020868091,0
0,1.0849554e-06,0
0,0.00029276626,0
0,3.3640295e-05,0
0,6.979681e-07,0
0,0.005478893,0
0,0.0009495192,0
0,0.0014403969,0
0,0.020931872,0
0,1.6446666e-05,0
0,0.5195048,1
0,0.0015602845,0
0,0.009323912,0
0,0.0005793869,0
0,0.0052589937,0
0,0.008490785,0
0,0.0018224648,0
0,0.9975399,1
0,7.301735e-07,0
0,0.04314369,0
0,0.00010498635,0
0,2.8678794e-05,0
0,1.0874448e-05,0
0,4.952958e-08,0
0,0.00014100109,0
0,0.002555606,0
0,0.0004321855,0
0,7.55776e-07,0
0,0.018087301,0
0,0.96334654,1
0,0.0020719,0
0,0.00020953116,0
0,0.00020660934,0
0,1.2241283e-05,0
0,0.0049748668,0
0,0.00019305847,0
0,0.037099615,0
0,0.03540835,0
0,0.0045104884,0
0,0.006333824,0
0,0.00021649823,0
0,0.032530803,0
0,7.140165e-05,0
0,0.00047651157,0
0,1.2570762e-05,0
0,0.9863371,1
0,0.016328797,0
0,0.00016164518,0
0,0.0022091623,0
0,0.006208323,0
0,2.5240083e-06,0
0,0.0033583017,0
0,0.9498043,1
0,0.00052579254,0
0,0.06026112,0
0,0.0038157627,0
0,0.0048214826,0
0,2.472017e-05,0
0,0.0027296345,0
0,0.0037226335,0
0,0.00062788336,0
0,0.0013110434,0
0,0.0008199782,0
0,2.9431686e-07,0
0,0.00011672729,0
0,3.086997e-08,0
0,1.0366991e-05,0
0,0.0030472118,0
0,0.0007194956,0
0,0.0005022331,0
0,0.00013558476,0
0,0.0006150597,0
0,4.141532e-06,0
0,0.0005300019,0
0,7.218699e-05,0
0,0.00157119,0
0,2.4310496e-06,0
0,0.00013093362,0
0,0.05569598,0
0,0.00046863288,0
0,0.0030314387,0
0,0.029159004,0
0,0.030094247,0
0,0.07855258,0
0,0.0001613206,0
0,0.0025695933,0
0,0.003642519,0
0,0.003547297,0
0,0.030042715,0
0,0.20617108,0
0,0.002551842,0
0,0.0003820307,0
0,0.9730323,1
0,0.03628241,0
0,0.10462795,0
0,5.137495e-05,0
0,0.0008390213,0
0,0.08032052,0
0,0.0003925068,0
0,0.0021184657,0
0,0.0019710343,0
0,0.0015961985,0
0,1.541423e-05,0
0,0.010984518,0
0,0.0011995535,0
0,0.0015706074,0
0,0.12599362,0
0,0.0002191328,0
0,0.00046787606,0
0,1.9628182e-07,0
0,0.0014155889,0
0,0.9954364,1
0,0.43771794,0
0,0.00058457913,0
0,0.001014977,0
0,3.563715e-06,0
0,0.0043165055,0
0,0.001031008,0
0,0.00060641376,0
0,0.0006351552,0
0,3.169912e-05,0
0,0.5495226,1
0,1.3629915e-05,0
0,0.0008538833,0
0,3.4349694e-06,0
0,0.00024982062,0
0,0.0014472179,0
0,0.0025558528,0
0,6.232816e-05,0
0,0.0014307738,0
0,0.0009242094,0
0,0.007489005,0
0,4.377208e-09,0
0,4.1488227e-05,0
0,0.0012098858,0
0,0.0024095683,0
0,0.8988125,1
0,0.0015144749,0
0,0.0005246586,0
0,6.6472916e-05,0
0,1.1499981e-05,0
0,0.00039828997,0
0,2.476512e-05,0
0,5.07087e-05,0
0,8.583589e-05,0
0,0.0010482825,0
0,3.3216531e-06,0
0,0.0005856611,0
0,3.813342e-05,0
0,0.0005793582,0
0,5.7002653e-06,0
0,0.00030121766,0
0,0.002908788,0
0,0.0053331563,0
0,0.117697634,0
0,2.9683468e-05,0
0,0.0074603357,0
0,4.8455684e-05,0
0,0.0019097332,0
0,1.6013722e-05,0
0,0.0010335846,0
0,0.0025540516,0
0,0.0026010654,0
0,0.7209146,1
0,0.050632477,0
0,0.0050900457,0
0,9.230759e-05,0
0,3.5457374e-06,0
0,0.00016271746,0
0,1.4319371e-06,0
0,0.7311657,1
0,0.00013449258,0
0,4.9026958e-06,0
0,1.00101545e-07,0
0,1.4593745e-05,0
0,0.0020010467,0
0,7.0261494e-06,0
0,0.0018065373,0
0,1.7690674e-05,0
0,0.00026084192,0
0,0.9986015,1
0,0.13256945,0
0,0.004048683,0
0,1.2196829e-06,0
0,0.9946792,1
0,1.2514439e-06,0
0,0.00028138785,0
0,0.0023098455,0
0,0.00040093853,0
0,0.003268206,0
0,1.6676784e-05,0
0,0.00082181173,0
0,4.1407775e-06,0
0,0.0017401113,0
0,0.83250076,1
0,3.625433e-05,0
0,0.0010555409,0
0,0.0014662831,0
0,0.0027205842,0
0,0.002265419,0
0,0.0040602107,0
0,0.00854928,0
0,2.4756859e-05,0
0,0.97272825,1
0,0.00050878804,0
0,0.0009138023,0
0,0.714763,1
0,5.825217e-07,0
0,0.0014356176,0
0,0.0007782751,0
0,0.0059947325,0
0,1.250061e-07,0
0,0.0069874516,0
0,0.00036741473,0
0,1.27529e-05,0
0,1.1004681e-07,0
0,0.00069401704,0
0,1.6604561e-05,0
0,0.010305547,0
0,0.003565801,0
0,3.7539698e-07,0
0,0.0077627767,0
0,0.010708999,0
0,2.4622266e-06,0
0,9.56941e-05,0
0,2.7936725e-05,0
0,0.7780328,1
0,0.00070804404,0
0,2.1907542e-06,0
0,0.012708778,0
0,1.6557171e-05,0
0,0.0014810086,0
0,0.00047190665,0
0,0.008300495,0
0,0.00019859412,0
0,0.00012643117,0
0,0.9283302,1
0,0.0017322032,0
0,0.00011273404,0
0,2.4109759e-05,0
0,0.00047419593,0
0,0.0017265133,0
0,0.0018564635,0
0,0.0020274855,0
0,0.0017360944,0
0,0.0011313381,0
0,0.051506996,0
0,0.0020789772,0
0,1.160084e-06,0
0,0.000110074245,0
0,0.00074587687,0
0,0.0011304547,0
0,4.099508e-09,0
0,4.276479e-06,0
0,0.00091746333,0
0,0.004227541,0
0,0.0005291579,0
0,0.0061122803,0
0,0.7882762,1
0,0.014300898,0
0,0.0007558362,0
0,0.0012822328,0
0,6.419111e-05,0
0,0.11666892,0
0,3.9558936e-06,0
0,0.0053422423,0
0,0.009244107,0
0,0.9808626,1
0,0.00493054,0
0,5.656596e-06,0
0,3.212958e-05,0
0,0.00035171796,0
0,2.1953008e-05,0
0,8.852651e-05,0
0,0.0028857107,0
0,5.863384e-06,0
0,0.0011840025,0
0,0.0014439917,0
0,0.001176623,0
0,0.0012104633,0
0,3.1334935e-06,0
0,0.0025993427,0
0,0.00022166755,0
0,0.6644631,1
0,3.0982705e-05,0
0,3.1955838e-07,0
0,0.032904632,0
0,0.07303815,0
0,0.00013781172,0
0,0.0009355409,0
0,0.030723058,0
0,5.559958e-05,0
0,0.0008719163,0
0,0.00053561403,0
0,0.0003706167,0
0,0.006675837,0
0,0.0024934737,0
0,3.5444227e-05,0
0,4.2600033e-05,0
0,0.0038142696,0
0,0.99249774,1
0,0.00028351796,0
0,0.00208164,0
0,3.9762996e-05,0
0,0.0020301058,0
0,0.00015024227,0
0,0.00127492,0
0,0.00064773124,0
0,0.0023702404,0
0,0.00017650379,0
0,0.00035407042,0
0,0.012444952,0
0,0.00025004867,0
0,0.0002793326,0
0,0.0007960962,0
0,0.00022291909,0
0,5.0650367e-05,0
0,1.8018058e-05,0
0,0.046822835,0
0,0.028337436,0
0,5.8408373e-06,0
0,1.2252635e-06,0
0,0.0014516852,0
0,4.8467973e-05,0
0,0.011267969,0
0,0.00015164516,0
0,0.0014547803,0
0,0.00044454177,0
0,0.6110201,1
0,7.2741473e-06,0
0,0.0013540075,0
0,0.00033895194,0
0,0.0014865233,0
0,0.0005530532,0
0,4.707119e-05,0
0,0.00035247504,0
0,3.0927197e-08,0
0,0.00020390975,0
0,0.00025026477,0
0,0.001191701,0
0,0.00014614547,0
0,2.3731712e-08,0
0,0.00020814769,0
0,7.793396e-05,0
0,0.0011924466,0
0,1.3222752e-08,0
0,2.7328815e-05,0
0,1.659611e-07,0
0,6.5113966e-08,0
0,0.03428018,0
0,0.0013983054,0
0,0.013478911,0
0,0.0078585055,0
0,0.00026267747,0
0,0.00064507633,0
0,6.925577e-05,0
0,1.0054956e-05,0
0,0.0036859438,0
0,5.24932e-05,0
0,0.00078042585,0
0,0.6471441,1
0,0.00014979098,0
0,0.00090547244,0
0,1.6657395e-06,0
0,1.601415e-05,0
0,0.0013312027,0
0,0.0026635437,0
0,3.8762296e-06,0
0,0.00051865977,0
0,0.00024362185,0
0,0.04717507,0
0,0.0009963779,0
0,0.00090185174,0
0,0.07835974,0
0,0.93283343,1
0,0.0007150624,0
0,5.6837573e-05,0
0,0.005622294,0
0,1.1917869e-06,0
0,0.051283374,0
0,0.0004833498,0
0,0.010054428,0
0,9.19717e-05,0
0,0.630347,1
0,5.1232973e-08,0
0,0.0001104038,0
0,0.00068987615,0
0,0.0030573981,0
0,0.00025806768,0
0,2.6638656e-06,0
0,1.3906163e-05,0
0,0.120368406,0
0,0.00022952922,0
0,1.022666e-08,0
0,0.0002675713,0
0,2.6324882e-05,0
0,0.0010338313,0
0,0.0020691138,0
0,0.00082054094,0
0,0.0010241587,0
0,0.00047246699,0
0,0.0037191797,0
0,0.003288611,0
0,0.0020719592,0
0,8.486055e-05,0
0,0.0028981362,0
0,0.0014135701,0
0,0.00015081814,0
0,2.082442e-08,0
0,0.0093822805,0
0,5.6840014e-05,0
0,0.00036660806,0
0,0.0055945073,0
0,4.13701e-07,0
0,0.9849487,1
0,0.004573102,0
0,0.000726859,0
0,0.0011357784,0
0,0.000503338,0
0,0.0018046303,0
0,0.019160941,0
0,0.0025055192,0
0,0.91060364,1
0,0.0001298316,0
0,0.7595557,1
0,0.021865964,0
0,2.5222533e-05,0
0,0.00047374004,0
0,0.00046388083,0
0,0.00024504802,0
0,0.0034416774,0
0,5.452289e-05,0
0,0.00042388213,0
0,0.56263494,1
0,0.00020114373,0
0,0.002965292,0
0,0.005563458,0
0,0.010717347,0
0,0.0026209983,0
0,0.96818,1
0,0.0006696679,0
0,0.0045240596,0
0,0.004044163,0
0,0.050182544,0
0,0.000260691,0
0,0.9366525,1
0,0.00048795753,0
0,1.1462195e-05,0
0,1.3812654e-07,0
0,0.0032713448,0
0,0.0010914531,0
0,0.0016811682,0
0,0.0007994103,0
0,0.034824297,0
0,0.0026631127,0
0,0.015119789,0
0,4.4627588e-05,0
0,0.02880639,0
0,0.00020535453,0
0,0.0031822266,0
0,0.07151743,0
0,0.00045459706,0
0,5.7623896e-05,0
0,0.0023226996,0
0,0.0008517997,0
0,4.715651e-06,0
0,0.0030104723,0
0,0.0039006302,0
0,3.6079877e-05,0
0,3.4000345e-06,0
0,0.99244314,1
0,0.0029359413,0
0,0.00504573,0
0,0.0014745635,0
0,0.7704678,1
0,0.0025696284,0
0,0.0025995453,0
0,3.2032967e-05,0
0,0.0018336967,0
0,0.0023905218,0
0,0.00061127683,0
0,0.0002900516,0
0,0.00020542387,0
0,5.081326e-05,0
0,0.003537824,0
0,0.026518343,0
0,0.00027536863,0
0,0.0017443066,0
0,3.4767848e-07,0
0,0.020843737,0
0,0.00016971162,0
0,0.002829116,0
0,0.10410016,0
0,4.0177533e-06,0
0,0.005784635,0
0,2.343646e-06,0
0,0.0038013675,0
0,0.0011289864,0
0,0.00081105594,0
0,0.0012728925,0
0,0.8823466,1
0,0.0077482453,0
0,7.262802e-07,0
0,0.64408636,1
0,0.9945714,1
0,0.00028907871,0
0,1.8418265e-06,0
0,0.0027674378,0
0,0.00257157,0
0,0.0019346927,0
0,0.0012681897,0
0,0.0003729739,0
0,0.010110596,0
0,1.923824e-06,0
0,0.00033971752,0
0,1.7240696e-05,0
0,1.104739e-05,0
0,0.0007188332,0
0,0.0015282909,0
0,0.0015249106,0
0,0.0008273011,0
0,0.00064447994,0
0,0.00137042,0
0,0.010960657,0
0,0.0006575462,0
0,0.00075569574,0
0,0.001622122,0
0,0.0038935388,0
0,0.0011452439,0
0,0.0015333244,0
0,0.011306598,0
0,0.006509615,0
0,0.0012102749,0
0,0.00033198998,0
0,5.392166e-06,0
0,0.0010305003,0
0,0.00047937353,0
0,0.015379532,0
0,0.00025625236,0
0,0.00025084335,0
0,0.0050751492,0
0,0.00034415594,0
0,0.01237367,0
0,0.97077334,1
0,0.6222194,1
0,0.0013121645,0
0,1.4698529e-05,0
0,0.0014539998,0
0,6.2157276e-05,0
0,0.0012321067,0
0,0.0005898736,0
0,0.0024019754,0
0,0.0012382913,0
0,0.2299534,0
0,0.0027105205,0
0,0.0035091597,0
0,0.98727244,1
0,0.00037815236,0
0,0.012706481,0
0,0.00022514978,0
0,0.00014662479,0
0,0.0030635,0
0,7.116018e-06,0
0,0.0008485233,0
0,0.002229307,0
0,3.5623386e-06,0
0,0.00022546492,0
0,0.0013157305,0
0,0.00050147483,0
0,0.00045708928,0
0,0.22944266,0
0,0.475265,0
0,0.0021637338,0
0,0.0045693787,0
0,0.0069527477,0
0,0.0064028325,0
0,0.007559659,0
0,0.043248396,0
0,0.08246448,0
0,0.00063691405,0
0,0.00095413014,0
0,0.00029692426,0
0,0.0013841875,0
0,2.590572e-06,0
0,1.4825567e-05,0
0,1.14726696e-07,0
0,3.5582575e-06,0
0,0.005465424,0
0,0.0001535946,0
0,0.00064453186,0
0,0.010832771,0
0,0.0003278533,0
0,0.00055403035,0
0,0.0006652494,0
0,0.00024909544,0
0,2.1826984e-06,0
0,0.0054124207,0
0,0.31578854,0
0,0.00011146065,0
0,0.29884708,0
0,0.009804593,0
0,0.015417014,0
